Forename,Surname,Month,Year
Julie,Andrews,2,1990
Annie,Rennie,7,2002
Tracy,Royle,11,2013
Summer,Kacaratchi,2,2001
Karoline,Strauss,12,2000
Sandra,Cooper,5,2013
Stuart,Davies,7,2015
Jens,Maloi,4,2010
Claire,Turner,8,2007
Karla,Maier,1,1999
Amy,Nichols,4,2007
Antonio,Rangel,10,1999
Dietmar,Strauss,3,1999
Graham,White,7,2010
Kratika,Gupta,8,2009
Didier,Watson,1,2004
Olga,Schneider,5,1998
Peter,Perfection,10,2014
Tomas,Jacobs,11,2003
Elliot,Cotterill,8,1992
Siddharth,Gad,10,2013
Holly,Chase,5,2000
Peter,Kelly,2,2010
Pat,Pushing,12,2003
Louis,Claes,10,2014
